DROP DATABASE IF EXISTS issue938_test;
create database issue938_test;
use issue938_test;
CREATE TABLE tb (d1 DECIMAL(17)) ENGINE=TIANMU;
INSERT INTO tb VALUES
(1234),
(1234567890123),
(56789012);
SELECT group_concat(d1 ORDER BY d1) FROM (SELECT d1 FROM tb) a1;
group_concat(d1 ORDER BY d1)
1234,56789012,1234567890123
SELECT group_concat(d1 ORDER BY d1) FROM tb;
group_concat(d1 ORDER BY d1)
1234,56789012,1234567890123
DROP DATABASE issue938_test;
